id,ssn,first_name,last_name,gender,street_name,street_number,zipcode,city,email,Department
1,454-86-2370,Annotée,Rooson,Female,6th,95,8798 FI,Novonukutskiy,rrooson0@dion.ne.jp,Services
2,199-79-6920,Marie-noël,Stickney,Female,Sommers,16,4147 HU,Ochojno,jstickney1@dmoz.org,Sales
3,789-24-4921,Kù,Eggins,Female,Golf View,22261,9217 DJ,Belgrade,yeggins2@google.cn,Accounting
4,791-29-7929,Léonore,Maty,Female,Raven,51,3255 KE,Hradec Králové,mmaty3@pen.io,Training
5,618-48-0459,Frédérique,Douthwaite,,Shopko,27314,4288 UB,Cibeureum,rdouthwaite4@goo.gl,Support
6,250-43-8173,Joséphine,Newarte,Female,Cardinal,49999,4712 IY,El Benque,snewarte5@flavors.me,Research and Development
7,291-62-5475,Véronique,Nelthorp,Female,Nancy,9,7136 IG,Burgos,onelthorp6@flavors.me,Training
8,832-15-9507,Almérinda,Vicary,Male,Park Meadow,64032,7115 XA,Dedenëvo,svicary7@yahoo.com,Product Management
9,144-99-5120,Camélia,Smallpeice,Female,Loftsgordon,052,0483 XD,Tula,vsmallpeice8@ycombinator.com,Research and Development
10,545-48-6842,Audréanne,Cruces,Male,Lukken,2,6143 XA,Kpalimé,bcruces9@so-net.ne.jp,Legal
11,531-36-4208,Kuí,Lydiard,Male,Walton,925,3046 BC,Santiago de Chuco,elydiarda@senate.gov,Marketing
12,279-21-8122,Mén,Beattie,Male,Summit,670,8983 ZM,Tintafor,bbeattieb@upenn.edu,Product Management
13,713-24-1483,Mårten,Giorgio,Female,Marquette,60846,5068 KV,T’et’ri Tsqaro,sgiorgioc@quantcast.com,Accounting
14,866-43-9434,Annotés,Ickovits,Male,Riverside,37,9963 JC,Wanmao,cickovitsd@i2i.jp,Accounting
15,374-02-9859,Märta,Varian,Male,Tomscot,9962,5847 CK,Watsa,pvariane@toplist.cz,Accounting
16,707-80-1885,Miléna,Pickover,Female,Crownhardt,35,0496 OT,Sarangmeduro,rpickoverf@europa.eu,Sales
17,224-79-4110,Laïla,Mussetti,Female,Lakewood,5270,1455 ID,Ténenkou,rmussettig@reddit.com,Sales
18,684-48-4047,Médiamass,Genge,Male,Linden,365,4631 BL,Veselí nad Lužnicí,ggengeh@alibaba.com,Services
19,857-26-6027,Táng,Gilbee,Female,Anderson,9926,5029 CH,Jimusa’er,cgilbeei@archive.org,Engineering
20,239-58-1156,Anaé,Kerslake,,Raven,192,0242 UU,Zharrëz,gkerslakej@wired.com,Services
21,859-48-4302,Cléopatre,Ferraretto,Male,Beilfuss,3,4649 XA,Handegate,aferrarettok@ehow.com,Accounting
22,588-91-1919,Annotés,Gosland,Male,Esch,5,3723 WY,Longlisuo,dgoslandl@meetup.com,Marketing
23,384-63-5643,Tán,Gledhill,Female,Pennsylvania,6,0170 LY,Yelizavetinskaya,tgledhillm@alibaba.com,Business Development
24,339-51-4869,Véronique,Antic,Male,Red Cloud,527,4264 LH,Vishnyeva,tanticn@pen.io,Marketing
25,639-26-4110,Mà,Morshead,Female,Old Shore,8716,2319 TQ,Velikiy Novgorod,kmorsheado@sakura.ne.jp,Support
26,469-97-0996,Pål,Pirouet,Female,Dottie,08,8924 QY,Mosoc Llacta,vpirouetp@accuweather.com,Legal
27,836-91-3016,Yénora,Hawtrey,Female,Fulton,32231,1148 ZK,Daveluyville,yhawtreyq@liveinternet.ru,Services
28,649-93-6918,Noëlla,Carnachen,Female,Johnson,671,9838 XY,Pecka,dcarnachenr@barnesandnoble.com,Product Management
29,201-24-6529,Anaé,Rogeron,,Florence,9471,7229 TJ,Mishan,nrogerons@nationalgeographic.com,Sales
30,203-22-9238,Östen,Creevy,Male,Russell,6753,1198 KC,Sabae,acreevyt@ed.gov,Accounting
31,569-78-9277,Eléonore,Bott,Female,Express,96775,5274 JV,Hagi,sbottu@cnn.com,Training
32,599-34-2318,Andréa,Drinkeld,Male,Forest Run,3,7881 DJ,Gujō,gdrinkeldv@goo.gl,Support
33,203-56-5027,Maëlys,Maxted,Male,Laurel,935,4886 TP,Chalu,vmaxtedw@meetup.com,Human Resources
34,794-06-6597,Stéphanie,Dyet,Male,Blue Bill Park,63,2458 RT,Linton,jdyetx@go.com,Marketing
35,645-71-1375,Gaëlle,Jiracek,Female,Oak,63078,5429 ZA,Diaoling,hjiraceky@bbc.co.uk,Legal
36,878-96-5524,Ráo,Emms,Female,Karstens,13,4203 UY,Porto Calvo,aemmsz@utexas.edu,Engineering
37,819-06-3285,Célestine,Mackleden,Male,Waxwing,2,8526 YF,Artesianón,hmackleden10@youtu.be,Human Resources
38,672-92-3784,Nadège,Russ,Male,Judy,0982,4411 LB,Quebradas,sruss11@biblegateway.com,Human Resources
39,604-03-6915,Mà,De-Ville,Male,La Follette,5,5878 VY,Los Tangos,edeville12@princeton.edu,Sales
40,474-75-4959,Danièle,Curneen,Female,Paget,11030,3829 YT,Xiangfu,ocurneen13@opensource.org,Product Management
41,647-55-2391,Noémie,Martinetto,Male,Forest Run,82,6691 JV,Junchuan,jmartinetto14@cbsnews.com,Marketing
42,672-52-8133,Nadège,Peasegood,Male,Sycamore,0,7758 DH,Malinaw,speasegood15@goo.ne.jp,Business Development
43,844-56-0498,Maëlyss,Smillie,Female,Washington,881,6079 ZO,Acopiara,rsmillie16@theatlantic.com,Marketing
44,815-69-6228,Loïc,Prawle,Male,Hintze,39733,5383 ZJ,Jiaokui,yprawle17@shop-pro.jp,Sales
45,894-64-8495,Gérald,Jakubowicz,Female,Eastwood,861,4344 UV,Zhongba,ljakubowicz18@goodreads.com,Training
46,826-25-1328,Maëly,Heephy,Male,Buell,652,6357 TL,Veshnyaki,dheephy19@xinhuanet.com,Accounting
47,337-44-6215,Léandre,Munnis,Male,Fuller,330,2190 FK,Minh Long,smunnis1a@dell.com,Product Management
48,679-38-3654,Nélie,Leworthy,Female,Eagan,7821,7412 LN,Mutengene,tleworthy1b@naver.com,Business Development
49,603-94-1451,Anaé,Pagel,Male,Paget,2415,3136 GN,Patos Fshat,ppagel1c@bbc.co.uk,Legal
50,865-54-6627,Annotés,Hurich,,Milwaukee,225,8116 FX,Samal,thurich1d@technorati.com,Engineering
51,600-36-8407,André,Braitling,Male,Kinsman,70034,8363 HF,Callao,rbraitling1e@friendfeed.com,Sales
52,264-29-6138,Gérald,Bruneton,Female,Garrison,388,2809 OB,Isla,ibruneton1f@qq.com,Legal
53,734-50-1066,Pélagie,Molan,Male,Vermont,6943,4224 JZ,Coripata,nmolan1g@army.mil,Product Management
54,349-08-2987,Yóu,Ingham,Female,Southridge,6,9067 BL,Klippan,aingham1h@angelfire.com,Accounting
55,254-85-5439,Bénédicte,Delahunty,Male,Merchant,19,7901 QE,Orillia,hdelahunty1i@miibeian.gov.cn,Accounting
56,683-59-7503,Gisèle,Agnew,Female,Onsgard,47,8434 UA,Kampungladang,fagnew1j@yellowbook.com,Marketing
57,419-48-5516,Célestine,Posthill,Male,Pearson,47095,1248 DB,Amiens,aposthill1k@economist.com,Human Resources
58,489-87-8606,Mégane,Worden,Female,Gale,7,7421 ZL,Nova Petrópolis,mworden1l@miitbeian.gov.cn,Accounting
59,336-16-9502,Aurélie,Bischop,Female,Jenna,9467,9290 EO,Malumfashi,cbischop1m@geocities.jp,Accounting
60,638-12-3014,Magdalène,Mattingley,Male,Eastlawn,0240,9844 UQ,Sankwia,dmattingley1n@twitpic.com,Product Management
61,305-09-5228,Maëly,Roycroft,,Gulseth,3,1448 IW,Lagoa do Itaenga,groycroft1o@quantcast.com,Accounting
62,730-82-2431,Céline,Mellers,Female,Algoma,79845,7288 LB,Córdoba,rmellers1p@dailymotion.com,Support
63,885-15-6215,Lài,Whitehouse,,Cardinal,123,6419 BC,Sukawaris,mwhitehouse1q@symantec.com,Product Management
64,361-07-5698,Gösta,Hughes,Male,Briar Crest,1,0514 KX,Jakhaly,ghughes1r@tinyurl.com,Business Development
65,493-50-5138,Bérengère,Huffa,Male,Homewood,19011,4845 WG,Bondowoso,lhuffa1s@g.co,Product Management
66,399-91-8223,Adélaïde,Burk,Male,Roxbury,960,3323 IX,Holboo,bburk1t@surveymonkey.com,Support
67,133-50-8042,Desirée,Downham,Male,Carberry,3503,9308 EW,Qarqaraly,ddownham1u@adobe.com,Legal
68,518-56-7804,Renée,Munkton,,Stang,65618,0450 WY,Monastyrshchina,cmunkton1v@abc.net.au,Human Resources
69,876-40-7256,Loïca,Smaleman,Female,Hermina,60,5876 BI,Baopukang,lsmaleman1w@prlog.org,Support
70,796-33-4965,Valérie,Prugel,Female,Buhler,7,2787 DS,Butou,lprugel1x@t.co,Sales
71,143-73-5336,Maïlis,Botham,Male,Mallory,29867,4263 TK,Mangusu,bbotham1y@csmonitor.com,Sales
72,427-70-8003,Mårten,Fawke,Male,Barby,7,6280 TG,Managua,lfawke1z@myspace.com,Accounting
73,233-29-5034,Adélie,McGilvary,Male,Briar Crest,2019,2674 HD,Kudang,kmcgilvary20@answers.com,Human Resources
74,714-05-8273,Méline,Boyda,Female,Vera,752,6626 LX,Jialu,fboyda21@istockphoto.com,Product Management
75,111-94-2198,Lauréna,Halwood,Female,School,74,8785 ZW,Dzerzhinsk,shalwood22@sun.com,Training
76,219-84-1872,Vénus,Zohrer,Male,Mifflin,2,2366 ZL,Kasingan,jzohrer23@senate.gov,Legal
77,587-71-0099,Agnès,Ferier,Male,Laurel,1093,8831 PG,Mancilang,gferier24@nasa.gov,Support
78,401-93-1235,Marie-ève,Toohey,Male,Daystar,1,7750 FO,Ji’an,dtoohey25@google.fr,Engineering
79,735-57-7300,Maëlle,Westrope,Female,Melby,486,3267 GG,Quthing,dwestrope26@about.me,Support
80,816-08-0623,Valérie,Ethridge,Female,Hanover,852,8299 EF,Albuquerque,lethridge27@freewebs.com,Sales
81,432-80-6801,Marie-noël,Mawby,Female,Donald,074,5951 LK,Salavat,amawby28@jalbum.net,Research and Development
82,379-90-4202,Jú,Gorry,,Maple Wood,931,1558 UO,Laoxingchang,ggorry29@auda.org.au,Marketing
83,282-15-5123,Maïlys,Bavin,Male,Kinsman,7788,5554 AY,Daveluyville,mbavin2a@nbcnews.com,Product Management
84,786-24-1687,Méline,Nobriga,Female,Maple,5,3898 SB,Santa Barbara,snobriga2b@studiopress.com,Legal
85,153-94-4301,Desirée,Zukerman,Male,Hoepker,64,0056 MI,Karabudakhkent,kzukerman2c@google.ru,Training
86,675-20-7693,Andrée,Sandall,Male,Merchant,15278,2114 ZV,Sydney,nsandall2d@ameblo.jp,Services
87,716-49-1617,Sélène,Pantone,Male,Hauk,8901,2007 QU,Amparafaravola,spantone2e@time.com,Support
88,696-87-0679,Geneviève,Demetr,Male,Elmside,528,0188 MC,Punta Hermosa,vdemetr2f@hatena.ne.jp,Services
89,434-97-5701,Béatrice,Slarke,Female,Burning Wood,4936,0937 MU,Dalang,aslarke2g@narod.ru,Product Management
90,253-47-2695,Gisèle,Josephoff,Female,Delaware,28192,1858 CQ,Banjar Tibubiyu Kaja,ajosephoff2h@twitpic.com,Marketing
91,436-08-8403,Göran,Vigar,Female,Larry,22521,6655 GF,Sankanan,dvigar2i@miitbeian.gov.cn,Accounting
92,145-65-3857,Ruò,Sandland,Male,Main,02459,0506 LG,Gaojimiao,dsandland2j@auda.org.au,Marketing
93,157-95-1924,Andréanne,Gibben,Female,Ryan,0,2448 RP,Pakenjeng,zgibben2k@cyberchimps.com,Engineering
94,160-68-1435,Miléna,Pierucci,Female,Cardinal,685,6785 XJ,Bijela,dpierucci2l@bing.com,Business Development
95,178-20-8454,Ophélie,Jarrad,Female,Norway Maple,812,1920 IA,Dobrica,djarrad2m@tuttocitta.it,Services
96,587-16-1942,Léonie,Pol,Female,Coolidge,2941,2944 PZ,Jiatou,cpol2n@linkedin.com,Legal
97,197-92-6202,Intéressant,Wegner,Male,Sutteridge,9179,8354 MU,Abricots,hwegner2o@jalbum.net,Legal
98,197-78-8026,Magdalène,Adamovicz,Female,3rd,099,3085 DL,Santa Cruz de El Seibo,aadamovicz2p@youtu.be,Product Management
99,853-22-2920,Táng,Chalcot,,Heffernan,2477,5550 RG,Grand Sable,tchalcot2q@dailymail.co.uk,Sales
100,822-83-5952,Ruì,Faro,Male,Mandrake,27,3548 GO,Napnapan,rfaro2r@cpanel.net,Training
101,657-23-8004,Bécassine,Wraith,Male,Scofield,8368,5093 RN,Wielki Kack,pwraith2s@bigcartel.com,Training
102,584-83-3274,Lyséa,Jeanel,Male,Golf Course,2,7409 VV,Ondangwa,cjeanel2t@smugmug.com,Support
103,757-71-7263,Bénédicte,Calow,Male,Sloan,86602,1426 TU,Junqueiro,ccalow2u@csmonitor.com,Training
104,201-64-8582,Vénus,Geeson,Female,Continental,4,9139 KJ,Kortkeros,egeeson2v@t-online.de,Human Resources
105,657-56-8891,Måns,Maccrea,Male,Fremont,86,9219 KK,Zubtsov,gmaccrea2w@facebook.com,Business Development
106,189-36-3842,Maëlann,Moan,Male,Southridge,65531,2775 XT,Rýmařov,rmoan2x@simplemachines.org,Business Development
107,617-63-4555,Zhì,Godrich,Female,Redwing,4905,0159 NE,Mala Danylivka,mgodrich2y@angelfire.com,Accounting
108,776-18-9204,Zhì,Tomkiss,Female,Mosinee,4,3952 SL,Jaša Tomić,ltomkiss2z@1und1.de,Business Development
109,158-12-3286,Cloé,Masserel,Female,Beilfuss,0,1091 LX,Dorval,hmasserel30@nasa.gov,Services
110,803-37-5504,Clélia,Cudworth,Male,Springs,8775,7183 QR,Cidade Velha,gcudworth31@noaa.gov,Services
111,787-72-7592,Intéressant,Vannikov,Male,Old Shore,1817,9399 ZP,El Paso,mvannikov32@intel.com,Business Development
112,724-14-3566,Hélène,Brusin,Female,Di Loreto,2841,6674 JX,Los Pinos,jbrusin33@examiner.com,Accounting
113,249-51-3819,Méghane,Oldman,Female,Oak,77,2539 GE,Santo Adrião Vizela,poldman34@homestead.com,Engineering
114,584-55-4694,Mélodie,Gartery,,Knutson,93686,1745 MY,Kuala Terengganu,agartery35@tamu.edu,Human Resources
115,711-09-8021,Béatrice,Fawlkes,Male,Dapin,68,8543 PI,Bulualto,mfawlkes36@sbwire.com,Engineering
116,151-44-7482,Océane,Stollmeyer,Male,Arkansas,457,0022 EB,Mutoko,hstollmeyer37@nhs.uk,Marketing
117,829-84-6202,Uò,Hubball,Male,Service,80,8563 ZT,Andalan,chubball38@huffingtonpost.com,Human Resources
118,648-56-7185,Léone,Rubbens,Male,Westerfield,15,8146 EY,Villeneuve-la-Garenne,frubbens39@mail.ru,Business Development
119,158-46-9251,Loïca,Couche,Male,Washington,6059,5551 QU,L’govskiy,lcouche3a@icio.us,Engineering
120,449-88-5111,Rébecca,Ledington,Female,Utah,2,9907 WT,Yuzawa,dledington3b@yellowbook.com,Training
121,637-24-4112,Åke,Pengilly,Male,Novick,99355,8691 BG,Norman Wells,rpengilly3c@facebook.com,Marketing
122,241-06-5766,Rachèle,Sandells,Male,Northview,5,5783 NQ,Lubao,gsandells3d@tiny.cc,Training
123,780-10-7670,Simplifiés,Baxendale,Male,Eagan,367,5045 SY,Jin’an,tbaxendale3e@dailymail.co.uk,Training
124,299-57-0290,Véronique,Stiffkins,Male,Commercial,002,8094 OF,Dmitriyevskaya,hstiffkins3f@mashable.com,Business Development
125,646-18-7317,Sòng,Warboy,Female,Scofield,8,6235 NR,Zarechnyy,lwarboy3g@privacy.gov.au,Support
126,852-64-4344,Clémentine,Siderfin,,Southridge,6248,3786 NF,Sundsvall,gsiderfin3h@psu.edu,Research and Development
127,623-18-2021,Angélique,Epperson,,Barby,28499,9565 SW,New York City,kepperson3i@wp.com,Services
128,732-23-5315,Cléa,Morrill,Male,Pepper Wood,7,8457 KV,Bulumulyo,emorrill3j@cbc.ca,Legal
129,877-68-5340,Léandre,Brocking,,Westerfield,6656,2215 RR,Arauá,abrocking3k@mapquest.com,Training
130,789-26-3257,Audréanne,Tennet,Female,Holmberg,9,5434 WN,Sam Phran,jtennet3l@desdev.cn,Marketing
131,217-56-5912,Illustrée,Heibel,Male,4th,0,8417 OC,Kromasan,cheibel3m@vimeo.com,Engineering
132,635-90-1429,Zhì,Grichukhanov,Male,Fieldstone,26,0092 OE,Huazhu,lgrichukhanov3n@census.gov,Research and Development
133,164-81-4214,Laurène,Forestel,Female,Spenser,201,1065 CP,Guozhen,rforestel3o@dion.ne.jp,Services
134,403-48-1674,Vérane,Geertz,Male,Schmedeman,6,2899 OG,Vila do Maio,dgeertz3p@delicious.com,Services
135,795-83-9038,Gérald,Bourdel,Male,Sachs,1466,0824 BT,Cabalaoangan,dbourdel3q@huffingtonpost.com,Services
136,385-99-4834,Marie-noël,Matzel,Male,Ramsey,8,6334 RI,Zhaixi,smatzel3r@shutterfly.com,Product Management
137,244-36-7946,Yú,Josephs,Female,Stang,644,9388 RR,Ngreco,gjosephs3s@myspace.com,Human Resources
138,121-56-6253,Bécassine,Culkin,Male,Westport,9,8602 KF,Qikeshu,mculkin3t@nytimes.com,Product Management
139,207-46-8069,Lucrèce,Nary,Female,Upham,8,2299 KV,Jadowniki Mokre,anary3u@sbwire.com,Research and Development
140,130-41-7113,Audréanne,Scripps,Male,School,221,9929 MZ,Washington,kscripps3v@berkeley.edu,Research and Development
141,572-11-1759,Miléna,de Tocqueville,,Texas,48842,5079 GR,Makrychóri,bdetocqueville3w@twitpic.com,Engineering
142,717-06-7755,Maëlla,Cancelier,Male,Northland,9,1294 NF,Dorotea,bcancelier3x@friendfeed.com,Legal
143,671-92-6579,Léonie,Millmoe,Male,International,8,2229 QF,Hegarmanah,smillmoe3y@ovh.net,Business Development
144,531-75-2126,Maëlla,Spilsted,Female,Utah,1803,9676 KQ,Tuojiang,rspilsted3z@multiply.com,Human Resources
145,407-13-3764,Méghane,McCloud,Female,Di Loreto,342,6405 WL,Nizao,gmccloud40@rambler.ru,Legal
146,828-97-8057,Publicité,Bartrop,Female,Merry,33141,8084 GQ,Miribanteng,nbartrop41@psu.edu,Product Management
147,257-85-5133,Véronique,Konzel,Female,Nobel,55,3438 BQ,Lewodoli,skonzel42@sourceforge.net,Accounting
148,145-93-4038,Clélia,Spurling,Male,Kedzie,981,1745 XI,Lysice,jspurling43@businessinsider.com,Services
149,600-31-2335,Joséphine,Zanettini,Female,Old Gate,6620,2962 NO,Borås,ezanettini44@themeforest.net,Human Resources
150,209-54-6361,Annotée,Goodlatt,Female,Mccormick,3978,1766 DW,Hornówek,tgoodlatt45@mapquest.com,Marketing
151,669-79-8704,Léa,Bratley,Male,Kedzie,36,9905 HW,Zaraza,gbratley46@blogs.com,Engineering
152,161-27-3350,Pò,Paling,Female,Sugar,40395,2658 XK,Ugbokpo,tpaling47@forbes.com,Human Resources
153,770-66-1325,Véronique,Frawley,Male,Jenna,8468,6284 QT,Kabongan Kidul,bfrawley48@techcrunch.com,Engineering
154,186-62-0438,Adèle,Duesberry,Male,Huxley,60237,8713 ZD,Radom,jduesberry49@wordpress.com,Support
155,426-22-3606,Åke,Mozzi,Female,Parkside,82557,2188 BP,Valada,mmozzi4a@foxnews.com,Research and Development
156,103-03-2740,Börje,Hughlock,Female,Sutherland,7380,6487 KJ,Siasi,vhughlock4b@pagesperso-orange.fr,Sales
157,619-14-8470,Naéva,Garrettson,Male,Delladonna,20898,5527 SW,Paola,jgarrettson4c@ed.gov,Human Resources
158,266-90-4476,Lèi,Adshede,Male,Green Ridge,1,9037 JR,Talisayan,madshede4d@wiley.com,Product Management
159,273-37-8791,Aí,Landsborough,Female,Gulseth,26480,2793 YF,Puerto Berrío,glandsborough4e@google.co.uk,Accounting
160,414-03-5716,Léane,Estable,Female,Superior,942,8135 US,Tash-Kumyr,testable4f@arizona.edu,Legal
161,574-79-4777,Dà,Scriver,Male,Fordem,7718,5999 QU,Kurzętnik,ascriver4g@sciencedirect.com,Accounting
162,544-01-4523,Noémie,Winwright,Female,Eagan,4,5274 UV,Ruokolahti,cwinwright4h@smugmug.com,Research and Development
163,386-17-4710,Zhì,Pallatina,Male,Veith,5838,2106 MR,Rangxi,bpallatina4i@feedburner.com,Sales
164,532-19-4639,Réjane,Blacklidge,Female,Grayhawk,629,0017 FK,Granada,jblacklidge4j@unesco.org,Legal
165,870-85-4010,Yè,Lill,Female,Charing Cross,9296,0896 LG,Torslanda,klill4k@w3.org,Training
166,697-20-3469,Angélique,Sinncock,Female,Village Green,399,8959 LW,Nanhe,msinncock4l@yahoo.co.jp,Research and Development
167,574-03-6017,Chloé,Androletti,Male,Truax,690,1126 FA,Fagersta,uandroletti4m@phpbb.com,Accounting
168,440-72-2370,Marie-josée,Glynne,Male,Pond,20272,7712 RO,Nice,jglynne4n@w3.org,Services
169,298-22-1577,Erwéi,Putman,Male,Everett,6115,2473 BK,Ngaruawahia,jputman4o@reference.com,Marketing
170,372-89-0401,Loïs,Poyser,,Florence,86906,4001 TM,Nashville,dpoyser4p@github.com,Product Management
171,196-66-6581,Åsa,Kennefick,Female,Acker,710,1908 FM,Jatiraya,dkennefick4q@abc.net.au,Support
172,445-93-7477,Estève,Farries,Female,Commercial,48115,4196 BV,Garoua Boulaï,tfarries4r@icio.us,Legal
173,424-25-9478,Crééz,Balbeck,Female,Monica,347,0525 AF,Taman,ebalbeck4s@naver.com,Marketing
174,574-05-7802,Lucrèce,Baddeley,Female,Evergreen,8407,5635 YN,La Luz,gbaddeley4t@feedburner.com,Support
175,324-54-6969,Valérie,Rumin,Male,Village,3,4731 PU,Bemposta,frumin4u@google.ru,Support
